unitid,name,state,chtr_url,url_status,evidence
228778,The University of Texas at Austin,,,,
147703,Northern Illinois University,,,,
190415,Cornell University,,,,
130794,Yale University,,,,
159391,Louisiana State University and Agricultural & Mechanical College,,,,
234155,Virginia State University,,,,
229115,Texas Tech University,,,,
212805,Grove City College,,,,
234076,University of Virginia-Main Campus,,,,
147767,Northwestern University,,,,
199120,University of North Carolina at   Chapel Hill,,,,
232423,James Madison University,,,,
110538,California State University-Chico,,,,
135726,University of Miami,,,,
228723,Texas A&M University-College   Station,,,,
182290,University of Nevada-Reno,,,,
178396,University of Missouri-Columbia,,,,
166683,Massachusetts Institute of Technology,,,,
122409,San Diego State University,,,,
164155,United States Naval Academy,,,,
157085,University of Kentucky,,,,
186380,Rutgers University-New Brunswick,,,,
236939,Washington State University,,,,
110592,California State University-Los   Angeles,,,,
176017,University of Mississippi,,,,
190044,Clarkson University,,,,
233374,University of Richmond,,,,
228459,Texas State University,,,,
205957,Franciscan University of   Steubenville,,,,
181464,University of Nebraska-Lincoln,,,,
163286,University of Maryland-College   Park,,,,
176080,Mississippi State University,,,,
110635,University of California-Berkeley,,,,
110653,University of California-Irvine,,,,
227757,Rice University,,,,
221838,Tennessee State University,,,,
178411,Missouri University of Science and   Technology,,,,
110662,University of California-Los   Angeles,,,,
243744,Stanford University,,,,
218663,University of South   Carolina-Columbia,,,,
126614,University of Colorado Boulder,,,,
217882,Clemson University,,,,
215062,University of Pennsylvania,,,,
498562,Commonwealth University of Pennsylvania,,,,
198464,East Carolina University,,,,
151351,Indiana University-Bloomington,,,,
186283,Rider University,,,,
214777,Pennsylvania State University-Main   Campus,,,,
196060,University at Albany,,,,
212009,Dickinson College,,,,
188641,Alfred University,,,,
123961,University of Southern California,,,,
149222,Southern Illinois   University-Carbondale,,,,
216287,Swarthmore College,,,,
164465,Amherst College,,,,
191931,Iona University,,,,
218238,Limestone University,,,,
185572,Monmouth University,,,,
160755,Tulane University of Louisiana,,,,
232256,Hampden-Sydney College,,,,
206491,Wilberforce University,,,,
198835,Lenoir-Rhyne University,,,,
160038,Northwestern State University of Louisiana,,,,
211608,Cheyney University of Pennsylvania,,,,
204857,Ohio University-Main Campus,,,,
237215,Bluefield State University,,,,
236948,University of Washington-Seattle   Campus,,,,
131520,Howard University,,,,
204264,Muskingum University,,,,
169910,Ferris State University,,,,
199157,North Carolina Central University,,,,
164988,Boston University,,,,
190099,Colgate University,,,,
110671,University of California-Riverside,,,,
122597,San Francisco State University,,,,
132602,Bethune-Cookman University,,,,
183044,University of New Hampshire-Main Campus,,,,
133650,Florida Agricultural and   Mechanical University,,,,
105330,Northern Arizona University,,,,
171100,Michigan State University,,,,
104151,Arizona State University Campus   Immersion,,,,
106397,University of Arkansas,,,,
217484,University of Rhode Island,,,,
212577,Franklin and Marshall College,,,,
149772,Western Illinois University,,,,
486901,Milligan University,,,,
196088,University at Buffalo,,,,
198695,High Point University,,,,
143358,Bradley University,,,,
191515,Hamilton College,,,,
183080,Plymouth State University,,,,
199193,North Carolina State University at   Raleigh,,,,
164447,American International College,,,,
207500,University of Oklahoma-Norman   Campus,,,,
110556,California State University-Fresno,,,,
139959,University of Georgia,,,,
239716,Saint Norbert College,,,,
234085,Virginia Military Institute,,,,
170976,University of Michigan-Ann Arbor,,,,
227526,Prairie View A & M University,,,,
240480,University of Wisconsin-Stevens Point,,,,
232089,Ferrum College,,,,
230764,University of Utah,,,,
152637,Vincennes University,,,,
211291,Bucknell University,,,,
234030,Virginia Commonwealth University,,,,
206525,Wittenberg University,,,,
168421,Worcester Polytechnic Institute,,,,
203535,Kenyon College,,,,
153825,Loras College,,,,
174233,University of Minnesota-Duluth,,,,
100858,Auburn University,,,,
243780,Purdue University-Main Campus,,,,
144892,Eastern Illinois University,,,,
228431,Stephen F Austin State University,,,,
201441,Bowling Green State   University-Main Campus,,,,
179557,Southeast Missouri State University,,,,
179159,Saint Louis University,,,,
154004,Morningside University,,,,
156745,Georgetown College,,,,
100751,The University of Alabama,,,,
130934,Delaware State University,,,,
134097,Florida State University,,,,
110644,University of California-Davis,,,,
223232,Baylor University,,,,
197036,United States Military Academy,,,,
160621,Southern University and A&M College,,,,
200280,University of North Dakota,,,,
162584,Frostburg State University,,,,
232982,Old Dominion University,,,,
233277,Radford University,,,,
240426,University of Wisconsin-Superior,,,,
120254,Occidental College,,,,
152673,Wabash College,,,,
110608,California State   University-Northridge,,,,
175342,Alcorn State University,,,,
153658,University of Iowa,,,,
231174,University of Vermont,,,,
243197,University of Puerto Rico-Mayaguez,,,,
134130,University of Florida,,,,
130943,University of Delaware,,,,
191968,Ithaca College,,,,
230728,Utah State University,,,,
213385,Lafayette College,,,,
166513,University of Massachusetts-Lowell,,,,
195003,Rochester Institute of Technology,,,,
214689,Pennsylvania State University-Penn   State Altoona,,,,
172699,Western Michigan University,,,,
240417,University of Wisconsin-Stout,,,,
110705,University of California-Santa   Barbara,,,,
110565,California State   University-Fullerton,,,,
211440,Carnegie Mellon University,,,,
209542,Oregon State University,,,,
217156,Brown University,,,,
228875,Texas Christian University,,,,
174792,Saint Johns University,,,,
142285,University of Idaho,,,,
164076,Towson University,,,,
110422,California Polytechnic State   University-San Luis Obispo,,,,
226091,Lamar University,,,,
182670,Dartmouth College,,,,
229267,Trinity University,,,,
110714,University of California-Santa   Cruz,,,,
238032,West Virginia University,,,,
140553,Morehouse College,,,,
196167,SUNY College at Geneseo,,,,
160658,University of Louisiana at Lafayette,,,,
106342,Lyon College,,,,
213543,Lehigh University,,,,
232025,Emory & Henry University,,,,
180461,Montana State University,,,,
196246,State University of New York at   Plattsburgh,,,,
236133,Northwest University,,,,
126580,University of Colorado Colorado Springs,,,,
123572,Sonoma State University,,,,
218229,Lander University,,,,
106810,Crowley's Ridge College,,,,
237181,Bethany College,,,,
203757,Lourdes University,,,,
153366,Graceland University-Lamoni,,,,
101879,University of North Alabama,,,,
204015,Miami University-Middletown,,,,
173258,Carleton College,,,,
195544,St. Joseph's University-New York,,,,
157535,University of Pikeville,,,,
239105,Marquette University,,,,
233718,Sweet Briar College,,,,
217819,College of Charleston,,,,
107983,Southern Arkansas University Main Campus,,,,
152600,Valparaiso University,,,,
157401,Murray State University,,,,
140447,Mercer University,,,,
245652,St. John's College,,,,
119605,National University,,,,
149781,Wheaton College,,,,
215284,University of Pittsburgh-Johnstown,,,,
204024,Miami University-Oxford,,,,
214041,Millersville University of Pennsylvania,,,,
225548,Howard Payne University,,,,
171881,Kuyper College,,,,
100830,Auburn University at Montgomery,,,,
175421,Belhaven University,,,,
166850,Merrimack College,,,,
213507,Lebanon Valley College,,,,
229814,West Texas A & M University,,,,
207458,Oklahoma City University,,,,
146339,Judson University,,,,
183062,Keene State College,,,,
157216,Lindsey Wilson College,,,,
215266,University of Pittsburgh-Bradford,,,,
197221,Webb Institute,,,,
216542,University of Valley Forge,,,,
168528,Adrian College,,,,
446048,Ave Maria University,,,,
167394,College of Our Lady of the Elms,,,,
237950,West Virginia University Institute of Technology,,,,
157809,Thomas More University,,,,
127060,University of Denver,,,,
126669,Colorado Christian University,,,,
181215,University of Nebraska at Kearney,,,,
210304,Warner Pacific University,,,,
114813,Fresno Pacific University,,,,
217688,Charleston Southern University,,,,
186371,Rutgers University-Camden,,,,
195474,Siena College,,,,
238193,Alverno College,,,,
146481,Lake Forest College,,,,
190150,Columbia University in the City of   New York,,,,
376695,College of the Marshall Islands,,,,
139755,Georgia Institute of Technology-Main Campus,,,,
140988,Shorter University,,,,
226833,Midwestern State University,,,,
188058,Northern New Mexico College,,,,
219718,Bethel University,,,,
238333,Beloit College,,,,
140571,Morris Brown College,,,,
215442,Point Park University,,,,
221740,The University of Tennessee-Chattanooga,,,,
214069,Misericordia University,,,,
207324,Oklahoma Christian University,,,,
200466,Sitting Bull College,,,,
174066,University of Minnesota-Twin   Cities,,,,
217925,Columbia International University,,,,
214157,Moravian University,,,,
492801,Drury University-College of   Continuing Professional Studies,,,,
168786,Aquinas College,,,,
101912,Oakwood University,,,,
148016,Principia College,,,,
209506,Oregon Institute of Technology,,,,
218399,Morris College,,,,
212656,Geneva College,,,,
157951,Western Kentucky University,,,,
204680,Ohio State University-Mansfield   Campus,,,,
225885,Jarvis Christian University,,,,
145637,University of Illinois   Urbana-Champaign,,,,
482699,South Georgia State College,,,,
179894,Webster University,,,,
199069,University of Mount Olive,,,,
212115,East Stroudsburg University of   Pennsylvania,,,,
140872,Reinhardt University,,,,
108092,University of Arkansas-Fort Smith,,,,
185590,Montclair State University,,,,
206604,Wright State University-Main   Campus,,,,
194091,New York Institute of Technology,,,,
107141,John Brown University,,,,
195128,Russell Sage College,,,,
112260,Claremont McKenna College,,,,
140818,Piedmont University,,,,
106704,University of Central Arkansas,,,,
129215,Eastern Connecticut State   University,,,,
115755,California State Polytechnic   University-Humboldt,,,,
159656,Loyola University New Orleans,,,,
237686,West Virginia University at Parkersburg,,,,
240754,University of Guam,,,,
217864,Citadel Military College of South   Carolina,,,,
183974,Centenary University,,,,
123165,Scripps College,,,,
212106,Duquesne University,,,,
166391,Lasell University,,,,
230047,Brigham Young University-Hawaii,,,,
214698,Pennsylvania State University-Penn State Beaver,,,,
237066,Whitworth University,,,,
161457,University of New England,,,,
209056,Lewis & Clark College,,,,
200527,Turtle Mountain Community College,,,,
217402,Providence College,,,,
236577,Seattle Pacific University,,,,
134510,Hobe Sound Bible College,,,,
207582,Oral Roberts University,,,,
138275,Warner University,,,,
216038,Slippery Rock University of   Pennsylvania,,,,
138868,Point University,,,,
148654,University of Illinois Springfield,,,,
204936,Otterbein University,,,,
135160,Florida Gateway College,,,,
241395,Pontifical Catholic University of   Puerto Rico-Arecibo,,,,
187444,William Paterson University of New   Jersey,,,,
234164,Virginia Union University,,,,
239390,Mount Mary University,,,,
234827,Central Washington University,,,,
222831,Angelo State University,,,,
213358,La Roche University,,,,
243665,University of the Virgin Islands,,,,
214643,Pennsylvania State University-Penn   State Wilkes-Barre,,,,
144005,Chicago State University,,,,
147341,Monmouth College,,,,
220516,King University,,,,
166692,Massachusetts Maritime Academy,,,,
168546,Albion College,,,,
102094,University of South Alabama,,,,
196015,SUNY College of Technology at   Canton,,,,
145725,Illinois Institute of Technology,,,,
154855,Central Christian College of   Kansas,,,,
192323,Le Moyne College,,,,
199032,Montreat College,,,,
221768,The University of Tennessee-Martin,,,,
148627,Saint Xavier University,,,,
134945,Jacksonville University,,,,
155177,Hesston College,,,,
189705,Canisius University,,,,
130776,Western Connecticut State   University,,,,
206084,University of Toledo,,,,
151290,Indiana Institute of Technology,,,,
107512,Ouachita Baptist University,,,,
202134,Cleveland State University,,,,
156620,Eastern Kentucky University,,,,
144740,DePaul University,,,,
204848,Ohio University-Lancaster Campus,,,,
198613,Guilford College,,,,
182980,New England College,,,,
154095,University of Northern Iowa,,,,
433660,Florida Gulf Coast University,,,,
210401,Willamette University,,,,
229160,Texas Wesleyan University,,,,
167899,Springfield College,,,,
145372,Greenville University,,,,
451927,Patrick Henry College,,,,
128106,Colorado State University Pueblo,,,,
216357,Thiel College,,,,
100812,Athens State University,,,,
224527,East Texas Baptist University,,,,
203517,Kent State University at Kent,,,,
447689,Georgia Gwinnett College,,,,
179867,Washington University in St Louis,,,,
199281,University of North Carolina at   Pembroke,,,,
180692,The University of Montana-Western,,,,
152567,Trine University,,,,
110486,California State   University-Bakersfield,,,,
153834,Luther College,,,,
168148,Tufts University,,,,
198862,Livingstone College,,,,
155627,Ottawa University-Ottawa,,,,
236595,Seattle University,,,,
199306,Pfeiffer University,,,,
166638,University of Massachusetts-Boston,,,,
163462,Mount St. Mary's University,,,,
183822,Bloomfield College of Montclair   State University,,,,
196291,SUNY Maritime College,,,,
198419,Duke University,,,,
127918,Regis University,,,,
380359,Bay Mills Community College,,,,
201371,Bluffton University,,,,
144971,Eureka College,,,,
215293,University of Pittsburgh-Pittsburgh Campus,,,,
198215,Catawba College,,,,
214704,Pennsylvania State University-Penn   State Berks,,,,
234207,Washington and Lee University,,,,
482422,DeVry University-Arizona,,,,
159717,McNeese State University,,,,
139861,Georgia College & State University,,,,
153861,Maharishi International University,,,,
198516,Elon University,,,,
240727,University of Wyoming,,,,
149231,Southern Illinois   University-Edwardsville,,,,
201867,Cincinnati College of Mortuary   Science,,,,
217961,Converse University,,,,
173142,Bethany Lutheran College,,,,
148584,University of St Francis,,,,
168847,Baker College,,,,
161873,University of Baltimore,,,,
139764,Georgia Southwestern State University,,,,
204802,Ohio University-Eastern Campus,,,,
182634,Colby-Sawyer College,,,,
224147,Texas A & M University-Corpus   Christi,,,,
231420,Averett University,,,,
165529,Curry College,,,,
181783,Wayne State College,,,,
200059,Dickinson State University,,,,
262129,New College of Florida,,,,
206941,University of Central Oklahoma,,,,
215691,Rosemont College,,,,
123651,Vanguard University of Southern   California,,,,
166018,Hampshire College,,,,
187967,New Mexico Institute of Mining and   Technology,,,,
136172,University of North Florida,,,,
218973,Wofford College,,,,
214591,Pennsylvania State University-Penn State Erie-Behrend College,,,,
209825,University of Portland,,,,
110316,California Institute of Integral   Studies,,,,
195526,Skidmore College,,,,
138293,Webber International University,,,,
133881,Florida Institute of Technology,,,,
161299,Maine Maritime Academy,,,,
188304,Western New Mexico University,,,,
170301,Hope College,,,,
168263,Westfield State University,,,,
155399,Kansas State University,,,,
138354,University of West Florida,,,,
210429,Western Oregon University,,,,
213598,Lincoln University,,,,
178402,University of Missouri-Kansas City,,,,
449870,University of the West,,,,
153126,Clarke University,,,,
184348,Drew University,,,,
219082,Dakota State University,,,,
161217,University of Maine at Augusta,,,,
102298,Talladega College,,,,
210739,DeSales University,,,,
101435,Huntingdon College,,,,
182795,Franklin Pierce University,,,,
234845,Centralia College,,,,
200554,United Tribes Technical College,,,,
483018,Antioch College,,,,
176053,Mississippi College,,,,
201432,Bowling Green State   University-Firelands,,,,
155812,University of Saint Mary,,,,
196103,SUNY College of Environmental   Science and Forestry,,,,
232609,University of Lynchburg,,,,
196033,SUNY College of Agriculture and   Technology at Cobleskill,,,,
187648,Eastern New Mexico University-Main   Campus,,,,
121309,Point Loma Nazarene University,,,,
191621,Hilbert College,,,,
213251,Juniata College,,,,
207209,Langston University,,,,
160977,Bates College,,,,
215947,Seton Hill University,,,,
157076,Kentucky Wesleyan College,,,,
149514,Trinity International   University-Illinois,,,,
219833,Christian Brothers University,,,,
196413,Syracuse University,,,,
199209,North Carolina Wesleyan University,,,,
154350,Simpson College,,,,
231554,Bluefield University,,,,
191241,Fordham University,,,,
217749,Bob Jones University,,,,
148876,St. Augustine College,,,,
145336,Governors State University,,,,
196185,SUNY Oneonta,,,,
217633,Anderson University,,,,
139311,Clayton State University,,,,
139199,Brenau University,,,,
210669,Allegheny College,,,,
219046,Black Hills State University,,,,
211273,Bryn Mawr College,,,,
444398,Baptist University of the Americas,,,,
153384,Grinnell College,,,,
150534,University of Evansville,,,,
136215,Nova Southeastern University,,,,
170000,Grace Christian University,,,,
193016,Mercy University,,,,
183071,University of New Hampshire-Manchester,,,,
238458,Carroll University,,,,
203775,Malone University,,,,
215275,University of Pittsburgh-Greensburg,,,,
191533,Hartwick College,,,,
197027,United States Merchant Marine   Academy,,,,
204796,Ohio State University-Main Campus,,,,
484905,University of North Texas at   Dallas,,,,
100706,University of Alabama in Huntsville,,,,
171456,Northern Michigan University,,,,
126182,Adams State University,,,,
159416,Louisiana State University-Shreveport,,,,
207564,Oklahoma State University   Institute of Technology,,,,
201104,Ashland University,,,,
167835,Smith College,,,,
186131,Princeton University,,,,
137962,Trinity College of Florida,,,,
236328,University of Puget Sound,,,,
133951,Florida International University,,,,
133492,Eckerd College,,,,
130493,Southern Connecticut State   University,,,,
102049,Samford University,,,,
482158,Middle Georgia State University,,,,
462354,John Paul the Great Catholic   University,,,,
169983,Kettering University,,,,
178369,Missouri Valley College,,,,
156125,Wichita State University,,,,
233295,Randolph-Macon College,,,,
161563,Thomas College,,,,
163912,St. Mary's College of Maryland,,,,
221731,Tennessee Wesleyan University,,,,
133979,Florida Memorial University,,,,
155937,Sterling College,,,,
150756,Hanover College,,,,
218414,Newberry College,,,,
200253,Minot State University,,,,
216278,Susquehanna University,,,,
220206,Welch College,,,,
187596,Navajo Technical University,,,,
220215,Freed-Hardeman University,,,,
189088,Bard College,,,,
131496,Georgetown University,,,,
215929,University of Scranton,,,,
142461,Northwest Nazarene University,,,,
162654,Goucher College,,,,
211556,Chatham University,,,,
197045,Utica University,,,,
133809,Florida College,,,,
200800,University of Akron Main Campus,,,,
483595,Ana G. Mendez University,,,,
210571,Albright College,,,,
238476,Carthage College,,,,
153001,Buena Vista University,,,,
139463,Dalton State College,,,,
180647,Salish Kootenai College,,,,
161086,Colby College,,,,
198136,Campbell University,,,,
168740,Andrews University,,,,
168281,Wheaton College (Massachusetts),,,,
225511,University of Houston,,,,
212601,Gannon University,,,,
150668,Goshen College,,,,
183239,Saint Anselm College,,,,
180522,Montana State University-Northern,,,,
201548,Capital University,,,,
196051,SUNY Morrisville,,,,
164562,Assumption University,,,,
139940,Georgia State University,,,,
211477,Central Penn College,,,,
193308,Monroe University,,,,
140720,Paine College,,,,
168430,Worcester State University,,,,
156082,Washburn University,,,,
157386,Morehead State University,,,,
214175,Muhlenberg College,,,,
228796,The University of Texas at El Paso,,,,
211981,Delaware Valley University,,,,
187897,New Mexico Highlands University,,,,
207388,Oklahoma State University-Main   Campus,,,,
160612,Southeastern Louisiana University,,,,
217059,York College of Pennsylvania,,,,
228468,Southwestern Adventist University,,,,
203085,Heidelberg University,,,,
189097,Barnard College,,,,
141334,University of West Georgia,,,,
183275,Thomas More College of Liberal Arts,,,,
230995,Norwich University,,,,
490805,Purdue University Northwest,,,,
107044,Harding University,,,,
153162,Cornell College,,,,
240790,Northern Marianas College,,,,
236230,Pacific Lutheran University,,,,
162061,Capitol Technology University,,,,
151333,Indiana University-Kokomo,,,,
173920,Minnesota State University-Mankato,,,,
188182,University of the Southwest,,,,
203474,Kent State University at Trumbull,,,,
217776,Southern Wesleyan University,,,,
142276,Idaho State University,,,,
161004,Bowdoin College,,,,
115409,Harvey Mudd College,,,,
138558,Abraham Baldwin Agricultural College,,,,
217907,Coker University,,,,
242653,Inter American University of Puerto Rico-Metro,,,,
225399,Houston Christian University,,,,
201690,Central State University,,,,
164492,Anna Maria College,,,,
198950,Meredith College,,,,
140234,LaGrange College,,,,
229063,Texas Southern University,,,,
207263,Northeastern State University,,,,
232265,Hampton University,,,,
102614,University of Alaska Fairbanks,,,,
133553,Embry-Riddle Aeronautical   University-Daytona Beach,,,,
240107,Viterbo University,,,,
219471,University of South Dakota,,,,
136233,Northwest Florida State College,,,,
199962,Wingate University,,,,
240374,University of Wisconsin-Parkside,,,,
102553,University of Alaska Anchorage,,,,
240189,University of Wisconsin-Whitewater,,,,
209065,Linfield University,,,,
202903,Gods Bible School and College,,,,
202480,University of Dayton,,,,
201654,Cedarville University,,,,
206622,Xavier University,,,,
171571,Oakland University,,,,
170037,Cornerstone University,,,,
433420,California Aeronautical University,,,,
153375,Grand View University,,,,
202523,Denison University,,,,
218070,Furman University,,,,
151801,Indiana Wesleyan University-Marion,,,,
174844,St Olaf College,,,,
100654,Alabama A & M University,,,,
138901,Atlanta Metropolitan State College,,,,
216764,West Chester University of   Pennsylvania,,,,
169479,Davenport University,,,,
220701,The University of Tennessee Southern,,,,
102632,University of Alaska Southeast,,,,
204617,Ohio Dominican University,,,,
174075,University of Minnesota-Crookston,,,,
206048,Tiffin University,,,,
492069,Champion Christian College,,,,
174747,College of Saint Benedict,,,,
228802,The University of Texas at Tyler,,,,
121257,Pitzer College,,,,
214810,Pennsylvania State University-Penn   State Schuylkill,,,,
234669,Bellevue College,,,,
185262,Kean University,,,,
224226,Dallas Baptist University,,,,
102234,Spring Hill College,,,,
181002,Creighton University,,,,
198561,Gardner-Webb University,,,,
229027,The University of Texas at San   Antonio,,,,
184782,Rowan University,,,,
199865,Warren Wilson College,,,,
228246,Southern Methodist University,,,,
126775,Colorado School of Mines,,,,
230959,Middlebury College,,,,
157058,Kentucky State University,,,,
240338,Wisconsin Lutheran College,,,,
214759,Pennsylvania State University-Penn   State Fayette- Eberly,,,,
153144,Coe College,,,,
211583,Chestnut Hill College,,,,
211088,Arcadia University,,,,
131469,George Washington University,,,,
153108,Central College,,,,
243221,University of Puerto Rico-Rio Piedras,,,,
180106,Carroll College,,,,
230816,Bennington College,,,,
169248,Central Michigan University,,,,
459949,Texas A&M University-San Antonio,,,,
230852,Champlain College,,,,
119173,Mount Saint Mary's University,,,,
199607,Salem College,,,,
227881,Sam Houston State University,,,,
138716,Albany State University,,,,
146427,Knox College,,,,
233611,Southern Virginia University,,,,
138600,Agnes Scott College,,,,
237011,Western Washington University,,,,
198808,Lees-McRae College,,,,
225502,Texas A&M University-Victoria,,,,
231651,Regent University,,,,
199272,William Peace University,,,,
228149,St. Mary's University,,,,
197869,Appalachian State University,,,,
204705,Ohio State University-Newark   Campus,,,,
240453,University of Wisconsin-Milwaukee,,,,
226587,McMurry University,,,,
226231,LeTourneau University,,,,
233426,Roanoke College,,,,
247649,Landmark College,,,,
217934,Columbia College,,,,
233921,Virginia Polytechnic Institute and State University,,,,
227216,University of North Texas,,,,
206862,Southern Nazarene University,,,,
221759,The University of Tennessee-Knoxville,,,,
139630,Emmanuel University,,,,
218539,Presbyterian College,,,,
141060,Spelman College,,,,
179326,Southwest Baptist University,,,,
213996,Messiah University,,,,
204200,Mount St. Joseph University,,,,
230737,Utah Valley University,,,,
178697,College of the Ozarks,,,,
143118,Aurora University,,,,
102270,Stillman College,,,,
486840,Kennesaw State University,,,,
385619,Everglades University,,,,
120537,Hope International University,,,,
184603,Fairleigh Dickinson   University-Metropolitan Campus,,,,
196592,Touro University,,,,
203492,Kent State University at Salem,,,,
199111,University of North Carolina at   Asheville,,,,
196176,State University of New York at   New Paltz,,,,
174914,University of St Thomas,,,,
171146,University of Michigan-Flint,,,,
212054,Drexel University,,,,
130697,Wesleyan University,,,,
190691,CUNY York College,,,,
166027,Harvard University,,,,
461759,Simmons College of Kentucky,,,,
219000,Augustana University,,,,
215114,Cairn University-Langhorne,,,,
171137,University of Michigan-Dearborn,,,,
206589,The College of Wooster,,,,
147679,North Park University,,,,
179964,William Woods University,,,,
166452,Lesley University,,,,
117104,Life Pacific University,,,,
168254,Western New England University,,,,
127741,University of Northern Colorado,,,,
180948,Chadron State College,,,,
200086,Nueta Hidatsa Sahnish College,,,,
226383,Lubbock Christian University,,,,
446640,Harrisburg University of Science   and Technology,,,,
227368,The University of Texas Rio Grande   Valley,,,,
214731,Pennsylvania State University-Penn State Brandywine,,,,
150172,Calumet College of Saint Joseph,,,,
132693,Eastern Florida State College,,,,
236452,Saint Martin's University,,,,
165866,Framingham State University,,,,
177144,Culver-Stockton College,,,,
190549,CUNY Brooklyn College,,,,
217536,Salve Regina University,,,,
214795,Pennsylvania State University-Penn   State Mont Alto,,,,
191649,Hofstra University,,,,
143288,Blackburn College,,,,
140340,Herzing University-Atlanta,,,,
140960,Savannah State University,,,,
186584,Seton Hall University,,,,
178420,University of Missouri-St Louis,,,,
102669,Alaska Pacific University,,,,
148405,Rockford University,,,,
179955,William Jewell College,,,,
220598,Lane College,,,,
101675,Miles College,,,,
139144,Berry College,,,,
221847,Tennessee Technological University,,,,
237969,West Virginia Wesleyan College,,,,
150941,Huntington University,,,,
214786,Pennsylvania State University-Penn   State Greater Allegheny,,,,
154688,Baker University,,,,
194824,Rensselaer Polytechnic Institute,,,,
122612,University of San Francisco,,,,
121150,Pepperdine University,,,,
124292,Thomas Aquinas College,,,,
126711,Colorado Mountain College,,,,
132657,Lynn University,,,,
212911,Haverford College,,,,
161554,University of Southern Maine,,,,
120883,University of the Pacific,,,,
173902,Macalester College,,,,
199412,Queens University of Charlotte,,,,
150163,Butler University,,,,
204820,Ohio University-Chillicothe Campus,,,,
168342,Williams College,,,,
232681,University of Mary Washington,,,,
179548,Stephens College,,,,
174817,Saint Mary's University of Minnesota,,,,
229887,Wiley University,,,,
152530,Taylor University,,,,
165820,Fitchburg State University,,,,
157377,Midway University,,,,
235699,Lake Washington Institute of Technology,,,,
152381,Saint Mary-of-the-Woods College,,,,
117140,University of La Verne,,,,
213020,Indiana University of Pennsylvania-Main Campus,,,,
129525,University of Hartford,,,,
161518,Saint Joseph's College of Maine,,,,
151388,Indiana University-East,,,,
151379,Indiana University-Southeast,,,,
186867,Stevens Institute of Technology,,,,
213987,Mercyhurst University,,,,
214768,Pennsylvania State University-Penn   State Hazleton,,,,
173124,Bemidji State University,,,,
230171,Utah Tech University,,,,
112084,San Diego Christian College,,,,
159382,Louisiana State University-Alexandria,,,,
142328,Lewis-Clark State College,,,,
195173,St. Francis College,,,,
109785,Azusa Pacific University,,,,
154721,Bethany College,,,,
162007,Bowie State University,,,,
484844,Minerva University,,,,
440396,New Saint Andrews College,,,,
220862,University of Memphis,,,,
191630,Hobart William Smith Colleges,,,,
159647,Louisiana Tech University,,,,
200332,North Dakota State University-Main   Campus,,,,
186618,Saint Elizabeth University,,,,
224323,University of Dallas,,,,
215798,Saint Vincent College,,,,
498571,Pennsylvania Western University,,,,
164216,Washington College,,,,
199102,North Carolina A & T State   University,,,,
131283,The Catholic University of America,,,,
163851,Salisbury University,,,,
123457,Simpson University,,,,
130624,United States Coast Guard Academy,,,,
232557,Liberty University,,,,
210331,Corban University,,,,
204699,Ohio State University-Marion   Campus,,,,
190637,CUNY Lehman College,,,,
207856,Southwestern Christian University,,,,
169080,Calvin University,,,,
177940,Lincoln University,,,,
150604,Franklin College,,,,
180489,The University of Montana,,,,
178059,Maryville University of Saint   Louis,,,,
159939,University of New Orleans,,,,
232043,Eastern Mennonite University,,,,
168591,Alma College,,,,
173045,Augsburg University,,,,
237057,Whitman College,,,,
193973,Niagara University,,,,
151306,University of Southern Indiana,,,,
192192,Keuka College,,,,
196097,Stony Brook University,,,,
101693,University of Mobile,,,,
497213,Great Northern University,,,,
186876,Stockton University,,,,
242705,Inter American University of Puerto Rico-Bayamon,,,,
240277,University of Wisconsin-Green Bay,,,,
165936,Gordon College,,,,
207865,Southwestern Oklahoma State   University,,,,
217518,Roger Williams University,,,,
101587,University of West Alabama,,,,
198066,Brevard College,,,,
237792,Shepherd University,,,,
215655,Robert Morris University,,,,
230782,Weber State University,,,,
461281,Jose Maria Vargas University,,,,
240365,University of Wisconsin-Oshkosh,,,,
218742,University of South   Carolina-Upstate,,,,
446233,Ecclesia College,,,,
209409,Bushnell University,,,,
121691,University of Redlands,,,,
204671,Ohio State University-Lima Campus,,,,
214670,Pennsylvania State University-Penn   State Lehigh Valley,,,,
144962,Elmhurst University,,,,
209551,University of Oregon,,,,
243115,University of Puerto Rico-Arecibo,,,,
464226,Ottawa University-Surprise,,,,
104179,University of Arizona,,,,
489937,Carolina University,,,,
190594,CUNY Hunter College,,,,
107558,University of the Ozarks,,,,
130253,Sacred Heart University,,,,
229018,The University of Texas Permian   Basin,,,,
107600,Philander Smith University,,,,
218919,Voorhees University,,,,
439862,Pacific Islands University,,,,
165334,Clark University,,,,
196194,State University of New York at   Oswego,,,,
204909,Ohio Wesleyan University,,,,
145600,University of Illinois Chicago,,,,
137564,Southeastern University,,,,
232186,George Mason University,,,,
131876,Trinity Washington University,,,,
214829,Pennsylvania State University-Penn   State York,,,,
160904,Xavier University of Louisiana,,,,
216339,Temple University,,,,
126818,Colorado State University-Fort Collins,,,,
169716,University of Detroit Mercy,,,,
221892,Trevecca Nazarene University,,,,
229179,Texas Woman's University,,,,
384254,Beacon College,,,,
106412,University of Arkansas at Pine   Bluff,,,,
156365,Campbellsville University,,,,
106245,University of Arkansas at Little Rock,,,,
155414,Kansas Wesleyan University,,,,
195304,Sarah Lawrence College,,,,
195030,University of Rochester,,,,
178244,Missouri Baptist University,,,,
182281,University of Nevada-Las Vegas,,,,
494685,Urshan University,,,,
173160,Bethel University,,,,
221971,Union University,,,,
213376,Lackawanna College,,,,
198385,Davidson College,,,,
147660,North Central College,,,,
155061,Fort Hays State University,,,,
131450,Gallaudet University,,,,
179043,Rockhurst University,,,,
131159,American University,,,,
200226,Mayville State University,,,,
128902,Connecticut College,,,,
207971,University of Tulsa,,,,
218654,University of South Carolina   Beaufort,,,,
213774,Manor College,,,,
240268,University of Wisconsin-Eau Claire,,,,
178341,Missouri Southern State University,,,,
153603,Iowa State University,,,,
238661,Edgewood University,,,,
100663,University of Alabama at Birmingham,,,,
213826,Marywood University,,,,
235167,The Evergreen State College,,,,
199582,Saint Augustine's University,,,,
228501,Sul Ross State University,,,,
229780,Wayland Baptist University,,,,
156408,Centre College,,,,
220613,Lee University,,,,
155681,Pittsburg State University,,,,
172051,Saginaw Valley State University,,,,
217235,Johnson & Wales University-Providence,,,,
139205,Brewton-Parker College,,,,
142522,Brigham Young University-Idaho,,,,
243346,Universidad Ana G. Mendez-Carolina Campus,,,,
212674,Gettysburg College,,,,
196158,SUNY at Fredonia,,,,
111948,Chapman University,,,,
163976,St. John's College,,,,
151111,Indiana University Indianapolis,,,,
128328,United States Air Force Academy,,,,
165671,Emmanuel College,,,,
206507,Wilmington College,,,,
377564,University of Washington-Tacoma Campus,,,,
199184,University of North Carolina School of the Arts,,,,
197197,Wagner College,,,,
174899,The College of Saint Scholastica,,,,
110680,University of California-San Diego,,,,
232672,Mary Baldwin University,,,,
113698,Dominican University of California,,,,
125763,Whittier College,,,,
196112,SUNY Polytechnic Institute,,,,
140696,Oglethorpe University,,,,
237330,Concord University,,,,
163268,University of Maryland-Baltimore   County,,,,
200572,Valley City State University,,,,
216667,Washington & Jefferson College,,,,
201964,Ohio Christian University,,,,
125897,Woodbury University,,,,
206613,Wright State University-Lake   Campus,,,,
207041,East Central University,,,,
204185,University of Mount Union,,,,
150136,Ball State University,,,,
218821,Spartanburg Methodist College,,,,
170639,Lake Superior State University,,,,
218645,University of South Carolina Aiken,,,,
164924,Boston College,,,,
195243,St. Thomas Aquinas College,,,,
138947,Clark Atlanta University,,,,
228884,Texas College,,,,
213321,King’s College,,,,
243142,University of Puerto Rico-Carolina,,,,
193584,Nazareth University,,,,
154712,Benedictine College,,,,
106306,Arkansas Baptist College,,,,
180595,Rocky Mountain College,,,,
180416,Montana Technological University,,,,
999999,Purdue University in Indianapolis,,,,
175856,Jackson State University,,,,
141486,Chaminade University of Honolulu,,,,
233541,Shenandoah University,,,,
193399,University of Mount Saint Vincent,,,,
105297,Dine College,,,,
183910,Caldwell University,,,,
242662,Inter American University of Puerto Rico-Ponce,,,,
151324,Indiana State University,,,,
172644,Wayne State University,,,,
237367,Fairmont State University,,,,
177968,Lindenwood University,,,,
195720,St. John Fisher University,,,,
107877,Williams Baptist University,,,,
174437,North Central University,,,,
237899,West Virginia State University,,,,
189583,Bryant & Stratton College-Buffalo,,,,
157447,Northern Kentucky University,,,,
409698,California State   University-Monterey Bay,,,,
121345,Pomona College,,,,
130226,Quinnipiac University,,,,
208822,George Fox University,,,,
181853,York University,,,,
216524,Ursinus College,,,,
226152,Texas A & M International   University,,,,
219949,Cumberland University,,,,
110617,California State   University-Sacramento,,,,
155335,Newman University,,,,
230807,Westminster University,,,,
227429,Paul Quinn College,,,,
243586,Pontifical Catholic University of Puerto Rico-Mayaguez,,,,
158802,Dillard University,,,,
165024,Bridgewater State University,,,,
441937,California State   University-Channel Islands,,,,
485698,American College of the Building   Arts,,,,
127565,Metropolitan State University of Denver,,,,
141981,University of Hawaii-West Oahu,,,,
213303,Keystone College,,,,
228705,Texas A&M   University-Kingsville,,,,
206835,Oklahoma Wesleyan University,,,,
225414,University of Houston-Clear Lake,,,,
203580,Lake Erie College,,,,
186399,Rutgers University-Newark,,,,
134079,Florida Southern College,,,,
144351,Concordia University-Chicago,,,,
157818,Transylvania University,,,,
196866,Union College,,,,
239080,Marian University,,,,
380377,Northwest Indian College,,,,
136950,Rollins College,,,,
194958,Roberts Wesleyan University,,,,
197984,Belmont Abbey College,,,,
232566,Longwood University,,,,
237385,Glenville State University,,,,
174783,Saint Cloud State University,,,,
147244,Millikin University,,,,
212197,Elizabethtown College,,,,
141185,Toccoa Falls College,,,,
137032,Saint Leo University,,,,
126562,University of Colorado Denver/Anschutz Medical Campus,,,,
133711,Flagler College,,,,
146719,Loyola University Chicago,,,,
202763,The University of Findlay,,,,
220181,Fisk University,,,,
162928,Johns Hopkins University,,,,
203845,Marietta College,,,,
130590,Trinity College,,,,
177065,Columbia College,,,,
151263,University of Indianapolis,,,,
198969,Methodist University,,,,
173300,Concordia College at Moorhead,,,,
240329,University of Wisconsin-La Crosse,,,,
152992,Briar Cliff University,,,,
443049,Faith International University,,,,
151102,Purdue University Fort Wayne,,,,
181330,Midland University,,,,
106467,Arkansas Tech University,,,,
366340,Stone Child College,,,,
159966,Nicholls State University,,,,
172334,Spring Arbor University,,,,
167783,Simmons University,,,,
219347,South Dakota School of Mines and   Technology,,,,
224244,Dallas Christian College,,,,
176965,University of Central Missouri,,,,
165802,Fisher College,,,,
110510,California State University-San   Bernardino,,,,
197993,Bennett College,,,,
154590,William Penn University,,,,
147828,Olivet Nazarene University,,,,
207722,University of Science and Arts of   Oklahoma,,,,
177418,Fontbonne University,,,,
174251,University of Minnesota-Morris,,,,
228787,The University of Texas at Dallas,,,,
140252,Life University,,,,
216931,Wilkes University,,,,
150455,Earlham College,,,,
216852,Widener University,,,,
188030,New Mexico State University-Main Campus,,,,
222877,Arlington Baptist University,,,,
207157,Randall University,,,,
198756,Johnson C Smith University,,,,
110583,California State University-Long   Beach,,,,
143084,Augustana College,,,,
176372,University of Southern Mississippi,,,,
110413,California Lutheran University,,,,
170082,Grand Valley State University,,,,
166939,Mount Holyoke College,,,,
127653,Naropa University,,,,
128744,University of Bridgeport,,,,
122728,William Jessup University,,,,
181127,Hastings College,,,,
137847,The University of Tampa,,,,
243133,University of Puerto Rico-Bayamon,,,,
245953,Mid-America Christian University,,,,
194392,Paul Smith's College,,,,
150774,Holy Cross College,,,,
176789,Calvary University,,,,
194310,Pace University,,,,
176406,Tougaloo College,,,,
208646,Eastern Oregon University,,,,
158477,Centenary College of Louisiana,,,,
153250,Dordt University,,,,
219356,South Dakota State University,,,,
170286,Hillsdale College,,,,
164748,Berklee College of Music,,,,
207661,Rogers State University,,,,
200004,Western Carolina University,,,,
175430,Blue Mountain Christian University,,,,
237525,Marshall University,,,,
141325,Wesleyan College,,,,
104717,Grand Canyon University,,,,
156541,University of the Cumberlands,,,,
147013,McKendree University,,,,
167792,Simon's Rock at Bard College,,,,
125727,Westmont College,,,,
110495,California State   University-Stanislaus,,,,
205443,Shawnee State University,,,,
220604,Le Moyne-Owen College,,,,
123554,Saint Mary's College of California,,,,
196200,SUNY College at Potsdam,,,,
167996,Stonehill College,,,,
142115,Boise State University,,,,
104586,Embry-Riddle Aeronautical   University-Prescott,,,,
176318,Rust College,,,,
164173,Stevenson University,,,,
177214,Drury University,,,,
177542,Hannibal-LaGrange University,,,,
133669,Florida Atlantic University,,,,
206437,Walsh University,,,,
141574,University of Hawaii at Manoa,,,,
110361,California Baptist University,,,,
161253,University of Maine,,,,
196237,SUNY Old Westbury,,,,
153278,University of Dubuque,,,,
110404,California Institute of Technology,,,,
170967,Rochester Christian University,,,,
139658,Emory University,,,,
190646,CUNY Medgar Evers College,,,,
176479,William Carey University,,,,
110547,California State   University-Dominguez Hills,,,,
216694,Waynesburg University,,,,
161226,University of Maine at Farmington,,,,
239071,Maranatha Baptist University,,,,
200217,University of Mary,,,,
189228,Berkeley College-New York,,,,
145619,Benedictine University,,,,
218061,Francis Marion University,,,,
177339,Evangel University,,,,
202514,Defiance College,,,,
230038,Brigham Young University,,,,
220075,East Tennessee State University,,,,
157100,Kentucky Christian University,,,,
150677,Grace College and Theological   Seminary,,,,
217998,Erskine College,,,,
142294,The College of Idaho,,,,
182306,Great Basin College,,,,
228981,Texas Lutheran University,,,,
236072,North Seattle College,,,,
209922,Reed College,,,,
204194,Mount Vernon Nazarene University,,,,
239628,Ripon College,,,,
166629,University of Massachusetts-Amherst,,,,
243212,University of Puerto Rico at Ponce,,,,
179946,Westminster College,,,,
200156,University of Jamestown,,,,
399869,Southern California Institute of   Technology,,,,
101709,University of Montevallo,,,,
221351,Rhodes College,,,,
234979,Columbia Basin College,,,,
167288,Massachusetts College of Liberal   Arts,,,,
185129,New Jersey City University,,,,
240444,University of Wisconsin-Madison,,,,
101480,Jacksonville State University,,,,
363916,Caribbean University-Vega Baja,,,,
145646,Illinois Wesleyan University,,,,
117627,La Sierra University,,,,
219790,Bryan College-Dayton,,,,
100724,Alabama State University,,,,
117946,Loyola Marymount University,,,,
225627,University of the Incarnate Word,,,,
228343,Southwestern University,,,,
213349,Kutztown University of Pennsylvania,,,,
141565,University of Hawaii at Hilo,,,,
483036,Texas A&M University-Central   Texas,,,,
164632,Bay Path University,,,,
441982,Franklin W Olin College of   Engineering,,,,
102368,Troy University,,,,
231059,Saint Michael's College,,,,
190558,College of Staten Island CUNY,,,,
192749,Manhattanville University,,,,
235097,Eastern Washington University,,,,
165015,Brandeis University,,,,
201645,Case Western Reserve University,,,,
170532,Kalamazoo College,,,,
228042,Schreiner University,,,,
224545,Texas A&M University-Texarkana,,,,
199139,University of North Carolina at   Charlotte,,,,
133702,Florida State College at   Jacksonville,,,,
137546,Stetson University,,,,
217873,Claflin University,,,,
186432,Saint Peter's University,,,,
167987,University of   Massachusetts-Dartmouth,,,,
207351,Oklahoma Panhandle State   University,,,,
151360,Indiana University-Northwest,,,,
210492,Bryn Athyn College of the New Church,,,,
185828,New Jersey Institute of Technology,,,,
165699,Endicott College,,,,
107071,Henderson State University,,,,
191126,Fashion Institute of Technology,,,,
232937,Norfolk State University,,,,
122436,University of San Diego,,,,
214713,Pennsylvania State University-Penn State Harrisburg,,,,
132408,Baptist University of Florida,,,,
217721,Benedict College,,,,
213668,Lycoming College,,,,
211468,Cedar Crest College,,,,
224660,Western Technical College,,,,
210146,Southern Oregon University,,,,
482936,Florida Polytechnic University,,,,
146612,Lewis University,,,,
141167,Thomas University,,,,
173647,Gustavus Adolphus College,,,,
219383,University of Sioux Falls,,,,
233897,University of Virginia's College   at Wise,,,,
204635,Ohio Northern University,,,,
172866,Academy College,,,,
482680,University of North Georgia,,,,
203368,John Carroll University,,,,
156295,Berea College,,,,
212133,Eastern University,,,,
237932,West Liberty University,,,,
110097,Biola University,,,,
154101,Northwestern College,,,,
155900,Southwestern College,,,,
224554,East Texas A&M University,,,,
157289,University of Louisville,,,,
132471,Barry University,,,,
175078,Southwest Minnesota State University,,,,
243577,Universidad Politecnica de Puerto Rico,,,,
173452,Martin Luther College,,,,
129242,Fairfield University,,,,
214801,Pennsylvania State University-Penn   State Abington,,,,
377555,University of Washington-Bothell Campus,,,,
144050,University of Chicago,,,,
141264,Valdosta State University,,,,
129020,University of Connecticut,,,,
112075,Concordia University-Irvine,,,,
190983,Elmira College,,,,
201195,Baldwin Wallace University,,,,
228529,Tarleton State University,,,,
196079,Binghamton University,,,,
137476,St. Thomas University,,,,
219602,Austin Peay State University,,,,
487524,Husson University,,,,
243151,University of Puerto Rico-Cayey,,,,
214652,Pennsylvania State University-Penn State Scranton,,,,
203483,Kent State University at   Tuscarawas,,,,
243601,Universidad Ana G. Mendez-Gurabo Campus,,,,
165574,Dean College,,,,
199218,University of North Carolina Wilmington,,,,
173328,Concordia University-Saint Paul,,,,
199999,Winston-Salem State University,,,,
127185,Fort Lewis College,,,,
240462,University of   Wisconsin-Platteville,,,,
192864,Marymount Manhattan College,,,,
141644,Hawaii Pacific University,,,,
154235,Saint Ambrose University,,,,
178624,Northwest Missouri State University,,,,
241386,Caribbean University-Carolina,,,,
147536,National Louis University,,,,
198507,Elizabeth City State University,,,,
175980,Millsaps College,,,,
195809,St. John's University-New York,,,,
181394,University of Nebraska at Omaha,,,,
169798,Eastern Michigan University,,,,
175272,Winona State University,,,,
155973,Tabor College,,,,
173665,Hamline University,,,,
197133,Vassar College,,,,
155520,MidAmerica Nazarene University,,,,
159993,University of Louisiana at Monroe,,,,
216010,Shippensburg University of   Pennsylvania,,,,
181534,Peru State College,,,,
196149,State University of New York at   Cortland,,,,
209612,Pacific University,,,,
235316,Gonzaga University,,,,
169363,Concordia University Ann Arbor,,,,
154749,Bethel College-North Newton,,,,
155511,McPherson College,,,,
136330,Palm Beach Atlantic University,,,,
236896,Walla Walla University,,,,
190655,CUNY New York City College of   Technology,,,,
482556,DeVry University-New Jersey,,,,
150145,Bethel University,,,,
237701,Potomac State College of West   Virginia University,,,,
117751,The Master's University and   Seminary,,,,
220978,Middle Tennessee State University,,,,
162760,Hood College,,,,
145691,Illinois College,,,,
175616,Delta State University,,,,
219806,Carson-Newman University,,,,
207306,Northwestern Oklahoma State   University,,,,
225247,Hardin-Simmons University,,,,
230603,Southern Utah University,,,,
141237,Truett McConnell University,,,,
199847,Wake Forest University,,,,
240471,University of Wisconsin-River Falls,,,,
199643,Shaw University,,,,
197708,Yeshiva University,,,,
106485,University of Arkansas at   Monticello,,,,
238616,Concordia University-Wisconsin,,,,
242680,Inter American University of Puerto Rico-Fajardo,,,,
209807,Portland State University,,,,
196042,Farmingdale State College,,,,
127556,Colorado Mesa University,,,,
231581,Bridgewater College,,,,
455770,Providence Christian College,,,,
227331,Our Lady of the Lake University,,,,
196121,SUNY Brockport,,,,
178721,Park University,,,,
225575,Huston-Tillotson University,,,,
192819,Marist University,,,,
153269,Drake University,,,,
132903,University of Central Florida,,,,
139968,Gordon State College,,,,
239318,Milwaukee School of Engineering,,,,
190567,CUNY City College,,,,
241739,Universidad Ana G. Mendez-Cupey Campus,,,,
193353,Mount Saint Mary College,,,,
183789,Berkeley College-Woodland Park,,,,
128498,Albertus Magnus College,,,,
222983,Austin College,,,,
178615,Truman State University,,,,
451866,Remington College-Shreveport Campus,,,,
204501,Oberlin College,,,,
219259,Northern State University,,,,
193900,New York University,,,,
106458,Arkansas State University,,,,
445188,University of California-Merced,,,,
154527,Wartburg College,,,,
237109,Yakima Valley College,,,,
152318,Rose-Hulman Institute of   Technology,,,,
168218,Wellesley College,,,,
238078,Wheeling University,,,,
445692,Neumont College of Computer   Science,,,,
217420,Rhode Island College,,,,
156189,Alice Lloyd College,,,,
363907,Caribbean University-Ponce,,,,
218441,North Greenville University,,,,
139393,Covenant College,,,,
128391,Western Colorado University,,,,
119775,Newschool of Architecture and   Design,,,,
242626,Inter American University of Puerto Rico-Aguadilla,,,,
207403,Oklahoma Baptist University,,,,
122755,San Jose State University,,,,
189413,Boricua College,,,,
154493,Upper Iowa University,,,,
219091,Dakota Wesleyan University,,,,
174020,Metropolitan State University,,,,
180179,Montana State University Billings,,,,
233301,Randolph College,,,,
154013,Mount Mercy University,,,,
179566,Missouri State University-Springfield,,,,
133508,Florida SouthWestern State College,,,,
227863,University of St Thomas,,,,
214272,Neumann University,,,,
157793,Sullivan University,,,,
196024,SUNY College of Technology at   Delhi,,,,
218964,Winthrop University,,,,
128771,Central Connecticut State University,,,,
219277,Oglala Lakota College,,,,
176044,Mississippi Valley State   University,,,,
231712,Christopher Newport University,,,,
155025,Emporia State University,,,,
145813,Illinois State University,,,,
148131,Quincy University,,,,
152099,Oakland City University,,,,
190761,Dominican University New York,,,,
110529,California State Polytechnic   University-Pomona,,,,
409315,South Texas College,,,,
197911,Barton College,,,,
235422,Heritage University,,,,
221953,Tusculum University,,,,
178387,Missouri Western State University,,,,
232308,Hollins University,,,,
151342,Indiana University-South Bend,,,,
186201,Ramapo College of New Jersey,,,,
174358,Minnesota State University Moorhead,,,,
226471,University of Mary Hardin-Baylor,,,,
167358,Northeastern University,,,,
206914,Cameron University,,,,
150066,Anderson University,,,,
102377,Tuskegee University,,,,
164270,McDaniel College,,,,
160959,College of the Atlantic,,,,
232706,Marymount University,,,,
129774,Mitchell College,,,,
161341,University of Maine at Presque   Isle,,,,
168227,Wentworth Institute of Technology,,,,
181446,Nebraska Wesleyan University,,,,
190725,Daemen University,,,,
440794,Pillar College,,,,
107080,Hendrix College,,,,
156356,Brescia University,,,,
187985,University of New Mexico-Main Campus,,,,
197142,Villa Maria College,,,,
166124,College of the Holy Cross,,,,
237358,Davis & Elkins College,,,,
139719,Fort Valley State University,,,,
198899,Mars Hill University,,,,
190372,The Cooper Union for the   Advancement of Science and Art,,,,
242635,Inter American University of Puerto Rico-Arecibo,,,,
198598,Greensboro College,,,,
203128,Hiram College,,,,
174491,University of Northwestern-St Paul,,,,
219198,Mount Marty University,,,,
154518,Waldorf University,,,,
141361,Young Harris College,,,,
363934,University of Advancing Technology,,,,
184694,Fairleigh Dickinson   University-Florham Campus,,,,
218724,Coastal Carolina University,,,,
105589,Prescott College,,,,
366711,California State University-San   Marcos,,,,
152390,Saint Mary's College,,,,
196219,SUNY at Purchase College,,,,
239017,Lawrence University,,,,
147776,Northeastern Illinois University,,,,
199148,University of North Carolina at   Greensboro,,,,
129941,University of New Haven,,,,
190600,CUNY John Jay College of Criminal Justice,,,,
190664,CUNY Queens College,,,,
159009,Grambling State University,,,,
171128,Michigan Technological University,,,,
241331,Albizu University-San Juan,,,,
221999,Vanderbilt University,,,,
180984,Concordia University-Nebraska,,,,
220710,Maryville College,,,,
217624,Allen University,,,,
157863,Union Commonwealth University,,,,
170806,Madonna University,,,,
184773,Georgian Court University,,,,
190114,Metropolitan College of New York,,,,
243188,University of Puerto Rico-Utuado,,,,
176628,Avila University,,,,
105899,Arizona Christian University,,,,
139250,College of Coastal Georgia,,,,
139931,Georgia Southern University,,,,
111188,California State University   Maritime Academy,,,,
130314,University of Saint Joseph,,,,
156213,Asbury University,,,,
110574,California State University-East   Bay,,,,
170675,Lawrence Technological University,,,,
213367,La Salle University,,,,
174862,Crown College,,,,
195164,St Bonaventure University,,,,
218733,South Carolina State University,,,,
195216,St Lawrence University,,,,
155317,University of Kansas,,,,
216807,Westminster College,,,,
163338,University of Maryland Eastern   Shore,,,,
106713,Central Baptist College,,,,
222178,Abilene Christian University,,,,
217013,Wilson College,,,,
219709,Belmont University,,,,
198543,Fayetteville State University,,,,
144883,East-West University,,,,
201885,University of Cincinnati-Main   Campus,,,,
215743,Saint Francis University,,,,
156286,Bellarmine University,,,,
204006,Miami University-Hamilton,,,,
152080,University of Notre Dame,,,,
227845,Saint Edward's University,,,,
231165,Vermont State University,,,,
155089,Friends University,,,,
207847,Southeastern Oklahoma State   University,,,,
214625,Pennsylvania State University-Penn State New Kensington,,,,
126678,Colorado College,,,,
155140,Haskell Indian Nations University,,,,
177117,Cottey College,,,,
231624,William & Mary,,,,
167729,Salem State University,,,,
162210,Washington Adventist University,,,,
162283,Coppin State University,,,,
234173,Virginia Wesleyan University,,,,
163046,Loyola University Maryland,,,,
215770,Saint Joseph's University - Philadelphia,,,,
137351,University of South Florida,,,,
159568,Louisiana Christian University,,,,
206695,Youngstown State University,,,,
399911,Soka University of America,,,,
139366,Columbus State University,,,,
219976,Lipscomb University,,,,
177551,Harris-Stowe State University,,,,
163453,Morgan State University,,,,
176947,Central Methodist   University-College of Liberal Arts and Sciences,,,,
482635,DeVry University-Texas,,,,
187134,The College of New Jersey,,,,
221661,Southern Adventist University,,,,
214740,Pennsylvania State University-Penn   State DuBois,,,,
160630,Southern University at New Orleans,,,,
122931,Santa Clara University,,,,
241377,Caribbean University-Bayamon,,,,
148487,Roosevelt University,,,,
480198,Warner Pacific University Professional and Graduate Studies,,,,
188429,Adelphi University,,,,
151777,Manchester University,,,,
133526,Edward Waters University,,,,
198303,Chowan University,,,,
216597,Villanova University,,,,
148496,Dominican University,,,,
228769,The University of Texas at   Arlington,,,,
133021,Chipola College,,,,
191676,Houghton University,,,,
168005,Suffolk University,,,,
221519,The University of the South,,,,
150400,DePauw University,,,,
181020,Doane University,,,,
213011,Immaculata University,,,,
241410,Pontifical Catholic University of   Puerto Rico-Ponce,,,,
243179,University of Puerto Rico-Humacao,,,,
163578,Notre Dame of Maryland University,,,,
243106,University of Puerto   Rico-Aguadilla,,,,
196130,SUNY Buffalo State University,,,,
171599,University of Olivet,,,,
243443,Universidad del Sagrado Corazon,,,,
241225,Universidad Central de Bayamon,,,,
242617,Inter American University of Puerto Rico-San German,,,,
192703,Manhattan University,,,,
181738,Union Adventist University,,,,
217493,Rhode Island School of Design,,,,
183211,Rivier University,,,,
